{"cameraMode":{"drawMode":0,"name":"Shaded","section":"Shading Mode"},"sceneLighting":true,"audioPlay":false,"sceneViewState":{"showFog":true,"showMaterialUpdate":false,"showSkybox":true,"showFlares":true,"showImageEffects":true,"showParticleSystems":true},"in2DMode":false,"pivot":{"x":264.15142822265627,"y":389.5810546875,"z":-410.92889404296877},"rotation":{"x":-0.14199168980121613,"y":0.20972727239131928,"z":-0.030798831954598428,"w":-0.9669044017791748},"size":667.1212158203125,"orthographic":false}