{"cameraMode":{"drawMode":0,"name":"Shaded","section":"Shading Mode"},"sceneLighting":false,"audioPlay":false,"sceneViewState":{"showFog":true,"showMaterialUpdate":false,"showSkybox":false,"showFlares":true,"showImageEffects":true,"showParticleSystems":true},"in2DMode":false,"pivot":{"x":1.3348517417907715,"y":0.5904480814933777,"z":-1.400739073753357},"rotation":{"x":0.0008572177612222731,"y":0.9885751605033875,"z":0.005625392310321331,"w":-0.15062128007411958},"size":3.366067409515381,"orthographic":false}