{"cameraMode":{"drawMode":0,"name":"Shaded","section":"Shading Mode"},"sceneLighting":false,"audioPlay":false,"sceneViewState":{"showFog":true,"showMaterialUpdate":false,"showSkybox":false,"showFlares":true,"showImageEffects":true,"showParticleSystems":true},"in2DMode":false,"pivot":{"x":-5.005538463592529,"y":-0.1919262707233429,"z":4.208168983459473},"rotation":{"x":-0.020669644698500634,"y":-0.24289198219776154,"z":0.005176692269742489,"w":-0.969819962978363},"size":9.479856491088868,"orthographic":false}