{"cameraMode":{"drawMode":0,"name":"Shaded","section":"Shading Mode"},"sceneLighting":true,"audioPlay":false,"sceneViewState":{"showFog":true,"showMaterialUpdate":false,"showSkybox":true,"showFlares":true,"showImageEffects":true,"showParticleSystems":true},"in2DMode":false,"pivot":{"x":292.4674377441406,"y":90.83689880371094,"z":45.328704833984378},"rotation":{"x":-0.03325655311346054,"y":0.0530429407954216,"z":-0.0017675209091976286,"w":-0.9980370998382568},"size":568.099853515625,"orthographic":false}